{
    "Alert-circle-fill": 61697,
    "Alert-circle-outline": 61698,
    "Alert-rhombus-fill": 61699,
    "Alert-rhombus-outline": 61700,
    "Alert-square-fill": 61701,
    "Alert-square-outline": 61702,
    "Alert-triangle-fill": 61703,
    "Alert-triangle-outline": 61704,
    "Arrow-down-outline": 61705,
    "Arrow-down": 61706,
    "Arrow-left-outline": 61707,
    "Arrow-left": 61708,
    "Arrow-right-outline": 61709,
    "Arrow-right": 61710,
    "Arrow-up-outline": 61711,
    "Arrow-up": 61712,
    "Backward": 61713,
    "Chevron-down-outline": 61714,
    "Chevron-down": 61715,
    "Chevron-left-outline": 61716,
    "Chevron-left": 61717,
    "Chevron-right-outline": 61718,
    "Chevron-right": 61719,
    "Chevron-up-down": 61720,
    "Chevron-up-outline": 61721,
    "Chevron-up": 61722,
    "Close-outline": 61723,
    "Close": 61724,
    "Copy": 61725,
    "Cursor-crosshair": 61726,
    "Cursor-pointer": 61727,
    "Dashboard-fill": 61728,
    "Dashboard-outline": 61729,
    "Delete-trash": 61730,
    "Edit-pencil": 61731,
    "Export": 61732,
    "Eye-closed": 61733,
    "Eye-off": 61734,
    "Eye-open": 61735,
    "Fast-backward": 61736,
    "Fast-forward": 61737,
    "Flag-pennant-fill": 61738,
    "Flag-pennant-outline": 61739,
    "Flag-rectangle-fill": 61740,
    "Flag-rectangle-outline": 61741,
    "Flag-swallowtail-fill": 61742,
    "Flag-swallowtail-outline": 61743,
    "Folder": 61744,
    "Forward": 61745,
    "Hamburger-menu": 61746,
    "Home": 61747,
    "Import": 61748,
    "Information-fill": 61749,
    "Information-outline": 61750,
    "Letter-mail": 61751,
    "Lock-off": 61752,
    "Lock-on": 61753,
    "Magnet": 61754,
    "Minus-outline": 61755,
    "Minus": 61756,
    "Moon-night-fill": 61757,
    "Moon-night-outline": 61758,
    "New-document": 61759,
    "Night": 61760,
    "Notification-bell-fill": 61761,
    "Notification-bell-outline": 61762,
    "Overflow-menu-vertical": 61763,
    "Pause": 61764,
    "Placeholder": 61765,
    "Play": 61766,
    "Plus-outline": 61767,
    "Plus": 61768,
    "Preferences": 61769,
    "Print": 61770,
    "Question-fill": 61771,
    "Question-outline": 61772,
    "Record": 61773,
    "Redo": 61774,
    "Save": 61775,
    "Search": 61776,
    "Settings-cog": 61777,
    "Star-fill": 61778,
    "Star-outline": 61779,
    "Stop": 61780,
    "Sun-fill": 61781,
    "Sun-outline": 61782,
    "Tick-outline": 61783,
    "Tick": 61784,
    "Triangle-down-outline": 61785,
    "Triangle-down": 61786,
    "Triangle-left-outline": 61787,
    "Triangle-left": 61788,
    "Triangle-right-outline": 61789,
    "Triangle-right": 61790,
    "Triangle-up-down": 61791,
    "Triangle-up-outline": 61792,
    "Triangle-up": 61793,
    "Undo": 61794
}